Breakfast Cups,bre,[XX],30,18 breakfast cups,"['cooking spray', '18 biscuit (2-1/2"" dia)s refrigerated biscuits (unbaked)', '8 ounces breakfast sausage', '7 large eggs', 'Â½ cup milk', 'salt and ground black pepper to taste', '1 cup mild shredded Cheddar cheese']","Preheat oven to 400 degrees F (200 degrees C). Grease 18 muffin cups with cooking spray.
Roll out biscuit dough on a lightly floured surface to form 5-inch rounds. Place each round in the prepared muffin cups, pressing into the base and sides to form a dough cup.
Cook and stir sausage in a skillet over medium-high heat until browned and cooked through, 5 to 10 minutes; drain fat. Spoon sausage into dough cups.
Whisk eggs, milk, salt, and pepper together in a bowl until well-beaten. Pour egg mixture into each dough cup, filling each just below the top of the biscuit dough. Sprinkle Cheddar cheese on top of egg mixture.
Bake in the preheated oven until eggs are set and biscuit dough is golden, 15 to 18 minutes.",https://imagesvc.meredithcorp.io/v3/mm/image?url=https%3A%2F%2Fimages.media-allrecipes.com%2Fuserphotos%2F3210666.jpg,https://www.allrecipes.com/recipe/233747/breakfast-cups/,,,"This is a good way to get the morning going, just give yourself about an hour."
Easy Shakshuka,bre,[VT],45,4 servings,"['1 tablespoon olive oil', '2 cloves garlic, minced', '1 onion, cut into 2 inch pieces', '1 green bell pepper, cut into 2 inch pieces', '1 (28 ounce) can whole peeled plum tomatoes with juice', '1 teaspoon paprika, or to taste', '2 slices pickled jalapeno pepper, finely chopped', '4 large eggs eggs', '4 (6 inch) pita bread']","Heat the vegetable oil in a deep skillet over medium heat. Stir in the garlic, onion, and bell pepper; cook and stir until the onion has softened and turned translucent, about 5 minutes. Add the canned tomatoes, paprika and jalapenos; stir, using the back of a spoon to break up the tomatoes. Simmer for about 25 minutes.
Crack an egg into a small bowl, then gently slip the egg into the tomato sauce. Repeat with the remaining eggs. Cook the eggs until the whites are firm and the yolks have thickened but are not hard, 2 1/2 to 3 minutes. If the tomato sauce gets dry, add a few tablespoons of water. Remove the eggs with a slotted spoon, place onto a warm plate, and serve with the tomato sauce and pita bread.",https://imagesvc.meredithcorp.io/v3/mm/image?url=https%3A%2F%2Fimages.media-allrecipes.com%2Fuserphotos%2F405109.jpg,https://www.allrecipes.com/recipe/190276/easy-shakshuka/,,,"This is a slightly modified version of a popular Middle Eastern breakfast dish. I love this recipe because it is easy, healthy, and satisfying."
Lemon-Ricotta Cornmeal Waffles,bre,[VT],30,4 servings,"['1 cup all-purpose flour', 'Â½ cup cornmeal', 'Â¼ cup white sugar', '1 Â½ teaspoons baking powder', 'Â½ teaspoon baking soda', 'Â¼ teaspoon salt', 'Â¾ cup half-and-half', 'Â½ cup ricotta cheese', '2 large eggs large eggs', '2 tablespoons melted butter', '1 teaspoon lemon extract', 'cooking spray']","Preheat a waffle iron according to manufacturer's instructions.
Whisk flour, cornmeal, sugar, baking powder, baking soda, and salt together in a large mixing bowl.
Whisk half-and-half, ricotta cheese, eggs, melted butter, and lemon extract together in a separate bowl until smooth. Pour into the flour mixture and mix until thoroughly combined.
Coat the preheated waffle iron with cooking spray. Pour batter into waffle iron in batches and cook until crisp and golden brown and the iron stops steaming, about 5 minutes.",https://imagesvc.meredithcorp.io/v3/mm/image?url=https%3A%2F%2Fimages.media-allrecipes.com%2Fuserphotos%2F6879705.jpg,https://www.allrecipes.com/recipe/274974/lemon-ricotta-cornmeal-waffles/,,,"Slightly dense waffles with a hint of lemon flavor and ricotta cheese for richness. If you like corn muffins, I think you will like these. "
Bacon and Egg Tacos,bre,[XX],8,6 tacos,"['6 large eggs eggs', 'Â¼ cup crumbled cooked bacon', '2 tablespoons butter', '3 slices American cheese, diced', 'Â¼ teaspoon salt', 'Â¼ teaspoon ground black pepper', '6 eaches flour tortillas', '1 cup salsa']","Whisk eggs together in a bowl; stir in bacon.
Melt butter in a skillet over medium heat. Add egg mixture; cook and stir until eggs are completely set, 2 to 3 minutes. Stir in American cheese, salt, and pepper.
Wrap tortillas in damp paper towels; microwave until warmed through, 30 seconds to 1 minute.
Spoon 1/4 cup egg mixture into the center of each tortilla; fold sides to cover. Serve with salsa.",https://imagesvc.meredithcorp.io/v3/mm/image?url=https%3A%2F%2Fimages.media-allrecipes.com%2Fuserphotos%2F4484963.jpg,https://www.allrecipes.com/recipe/245713/bacon-and-egg-tacos/,,,Some bacon and eggs on a flour tortilla for breakfast. Serve with salsa if desired.
Eggs Benedict Casserole,bre,[XX],550,1 9x13-inch casserole,"['cooking spray', '8 large eggs', '2 cups milk', '3 medium (4-1/8"" long)s green onions, chopped', '1 teaspoon onion powder', '1 teaspoon salt', 'Â¾ pound Canadian bacon, cut into 1/2-inch dice', '6 eaches English muffins, cut into 1/2-inch dice', 'Â½ teaspoon paprika', '1 (.9 ounce) package hollandaise sauce mix', '1 cup milk', 'Â¼ cup margarine']","Spray 9x13-inch baking dish with cooking spray.
Whisk eggs, 2 cups milk, green onions, onion powder, and salt together in a large bowl until well mixed.
Layer half the Canadian bacon in the prepared baking dish. Spread English muffins over meat and top with remaining Canadian bacon. Pour egg mixture over casserole. Cover baking dish with plastic wrap and refrigerate overnight.
Preheat the oven to 375 degrees F (190 degrees C).
Sprinkle casserole with paprika; cover with aluminum foil.
Bake in preheated oven until eggs are nearly set, about 30 minutes; remove foil. Continue baking until eggs are completely set, about 15 more minutes.
Whisk hollandaise sauce mix with 1 cup milk in a saucepan. Add margarine and bring to a boil, stirring frequently. Reduce heat to medium-low, simmer, and stir until thickened, about 1 minute. Drizzle sauce over casserole to serve.",https://imagesvc.meredithcorp.io/v3/mm/image?url=https%3A%2F%2Fimages.media-allrecipes.com%2Fuserphotos%2F3518037.jpg,https://www.allrecipes.com/recipe/221988/eggs-benedict-casserole/,VT,Ommit the bacon,"Easy to make ahead, perfect for brunch or a special occasion or overnight house guests."
Quick & Crispy Home Fries,bre,[VT],45,2 servings,"['3 large russet potatoes, peeled and quartered', '2 tablespoons olive oil', '1 tablespoon butter', 'Salt and freshly ground black pepper to taste', 'Â¼ teaspoon paprika', 'cayenne pepper to taste', '1 pinch garlic powder', '1 pinch onion powder', '1 tablespoon Chopped fresh chives']","Arrange potato pieces evenly on a microwave-safe plate. Microwave on high until just tender, about 4 minutes. Let cool to room temperature. Cut potatoes into bite-size chunks.
Heat butter and olive oil in a non-stick skillet over medium-high heat. When butter melts and starts to turn brown, swirl the pan and add the potatoes. Shake pan to arrange in an even layer. Season with salt, pepper, paprika, garlic powder, and onion powder.
As potatoes brown, toss them and keep turning them every few minutes until they are crusty and crispy-edged and a rich reddish-brown color, 10 to 12 minutes. If potatoes seem to be cooking too quickly, reduce heat to medium. Serve topped with chopped chives.",https://imagesvc.meredithcorp.io/v3/mm/image?url=https%3A%2F%2Fimages.media-allrecipes.com%2Fuserphotos%2F4516186.jpg,https://www.allrecipes.com/recipe/258117/quick-crispy-home-fries/,V,Use a vegan butter,In order to get a crispy crust like the fries at your local diner you need to precook and cool them!
Strawberry Oatmeal Breakfast Smoothie,bre,"[V,VT,DF]",5,2 servings,"['1 cup soy milk', 'Â½ cup rolled oats', '1 banana, broken into chunks', '14 berry (blank)s frozen strawberries', 'Â½ teaspoon vanilla extract', '1 Â½ teaspoons white sugar']","In a blender, combine soy milk, oats, banana and strawberries. Add vanilla and sugar if desired. Blend until smooth. Pour into glasses and serve.",https://imagesvc.meredithcorp.io/v3/mm/image?url=https%3A%2F%2Fimages.media-allrecipes.com%2Fuserphotos%2F409456.jpg,https://www.allrecipes.com/recipe/23539/strawberry-oatmeal-breakfast-smoothie/,,,"This is a fast vegan smoothie with a deep pink color and a rich, creamy texture. VERY filling, and perfect for people in a rush in the morning."
Spicy Grilled Cheese Sandwich,lun,[VT],5,2 sandwiches,"['2 tablespoons butter or margarine', '4 slices white bread', '2 slices American cheese', '1 roma (plum) tomato, thinly sliced', 'Â¼ small onion, chopped', '1 jalapeno pepper, chopped']","Heat a large skillet over low heat. Spread butter or margarine onto one side of two slices of bread. Place both pieces buttered side down in the skillet. Lay a slice of cheese on each one, and top with slices of tomato, onion and jalapeno. Butter one side of the remaining slices of bread, and place on top buttered side up. When the bottom of the sandwiches are toasted, flip and fry until brown on the other side.",https://imagesvc.meredithcorp.io/v3/mm/image?url=https%3A%2F%2Fimages.media-allrecipes.com%2Fuserphotos%2F5081856.jpg,https://www.allrecipes.com/recipe/85901/spicy-grilled-cheesStrawberry Oatmeal Breakfast Smoothieae-sandwich/,,,"Grilled cheese with onions, tomatoes and jalapenos-- tastier than the original!"
Vegetarian Chickpea Sandwich Filling,lun,"[V,VT,DF,GF]",20,2 to 3 servings,"['1 (19 ounce) can garbanzo beans, drained and rinsed', '1 stalk celery, chopped', 'Â½ onion, chopped', '1 tablespoon mayonnaise', '1 tablespoon lemon juice', '1 teaspoon dried dill weed', 'salt and pepper to taste']","Drain and rinse chickpeas. Pour chickpeas into a medium size mixing bowl and mash with a fork. Mix in celery, onion, mayonnaise (to taste), lemon juice, dill, salt and pepper to taste.",https://imagesvc.meredithcorp.io/v3/mm/image?url=https%3A%2F%2Fimages.media-allrecipes.com%2Fuserphotos%2F362677.jpg,https://www.allrecipes.com/recipe/16715/vegetarian-chickpea-sandwich-filling/,,,"Serve this tasty sandwich spread on crusty whole grain rolls or pita bread, with lettuce and tomato."
Refreshing Lentil Salad,lun,"[VT,DF,GF]",115,4 servings,"['4 cups water', 'salt', '1 Â¼ cups dry lentils', '2 large cloves garlic, minced', '2 large roma (plum) tomatoes, seeded and chopped', 'Â½ cup chopped red onion', 'Â½ cup chopped green bell pepper', '1 small green chile pepper, seeded and chopped', '1 lemon, juiced', '1 teaspoon lemon zest', '1 small carrot, shredded', 'Â½ cup oil-cured black olives', 'Â¼ cup chopped fresh cilantro', 'salt and ground black pepper to taste', 'Â¼ cup extra-virgin olive oil', '2 large eggs hard-cooked eggs, cut in half lengthwise']","Bring the water and salt to a boil in a saucepan over high heat. Pour the lentils into the water while stirring constantly. Reduce heat to low, cover, and simmer until the lentils are tender but still hold their shape, about 30 minutes. Drain well.
Transfer the lentils to a mixing bowl and stir in the garlic, seeded tomatoes, red onion, green bell pepper, and chile pepper. Add the juice of 1 lemon plus 1 teaspoon of the zest. Mix in the shredded carrot, olives, and cilantro.
Season with salt and black pepper, and drizzle with olive oil; mix well. Refrigerate for at least an hour to allow the flavors to blend.
Before serving, mix the salad again and add more lemon juice or olive oil if needed. Transfer to a serving dish and garnish with sliced eggs.",https://imagesvc.meredithcorp.io/v3/mm/image?url=https%3A%2F%2Fimages.media-allrecipes.com%2Fuserphotos%2F691198.jpg,https://www.allrecipes.com/recipe/215280/refreshing-lentil-salad/,V,Ommit the hard-cooked eggs,I put my own 'twist' on this light refreshing Tunisian salad with the addition of lemon zest. Using colorful vegetables makes for a light salad with a beautiful presentation.
Authentic German Potato Salad,lun,[GF],50,4 servings,"['3 cups diced peeled potatoes', '4 slices bacon', '1 small onion, diced', 'Â¼ cup white vinegar', '2 tablespoons water', '3 tablespoons white sugar', '1 teaspoon salt', 'â…› teaspoon ground black pepper', '1 tablespoon chopped fresh parsley']","Place the potatoes into a pot, and fill with enough water to cover. Bring to a boil, and cook for about 10 minutes, or until easily pierced with a fork. Drain, and set aside to cool.
Place the bacon in a large deep skillet over medium-high heat. Fry until browned and crisp, turning as needed. Remove from the pan and set aside.
Add onion to the bacon grease, and cook over medium heat until browned. Add the vinegar, water, sugar, salt and pepper to the pan. Bring to a boil, then add the potatoes and parsley. Crumble in half of the bacon. Heat through, then transfer to a serving dish. Crumble the remaining bacon over the top, and serve warm.",https://imagesvc.meredithcorp.io/v3/mm/image?url=https%3A%2F%2Fimages.media-allrecipes.com%2Fuserphotos%2F586962.jpg,https://www.allrecipes.com/recipe/83097/authentic-german-potato-salad/,VT,Ommit the bacon,"This is my mother's recipe. Everyone, German or not, loves it. There are usually no leftovers, but if there are, they don't last long!"
Savory Pumpkin Hummus,sna,"[V,VT,DF,GF]",135,16 servings,"['2 tablespoons lemon juice', '2 tablespoons tahini', '3 cloves garlic', 'Â¾ teaspoon salt', '2 (15 ounce) cans garbanzo beans, drained', '2 teaspoons extra-virgin olive oil', '1 (15 ounce) can pumpkin puree', '1 teaspoon ground cumin', 'Â½ teaspoon cayenne pepper', 'Â¼ cup toasted pumpkin seed kernels, or more to taste', '1 pinch paprika']","Pulse lemon juice, tahini, garlic, and salt together in a food processor or blender until smooth. Add garbanzo beans and olive oil and pulse until smooth. Add pumpkin, cumin, and cayenne pepper; process until well blended. Transfer hummus to a container with a lid and refrigerate at least 2 hours.
Fold pumpkin seeds into hummus; garnish with paprika.",https://imagesvc.meredithcorp.io/v3/mm/image?url=https%3A%2F%2Fimages.media-allrecipes.com%2Fuserphotos%2F1526126.jpg,https://www.allrecipes.com/recipe/230466/savory-pumpkin-hummus/,,,I tinkered a bit with what I found in other recipes and this is the result. I think I like my results.
Mom's Zucchini Bread,sna,[VT],100,2 loaves,"['3 cups all-purpose flour', '1 teaspoon salt', '1 teaspoon baking soda', '1 teaspoon baking powder', '1 tablespoon ground cinnamon', '3 large eggs eggs', '1 cup vegetable oil', '2 Â¼ cups white sugar', '3 teaspoons vanilla extract', '2 cups grated zucchini', '1 cup chopped walnuts']","Grease and flour two 8 x 4 inch pans. Preheat oven to 325 degrees F (165 degrees C).
Sift flour, salt, baking powder, soda, and cinnamon together in a bowl.
Beat eggs, oil, vanilla, and sugar together in a large bowl. Add sifted ingredients to the creamed mixture, and beat well. Stir in zucchini and nuts until well combined. Pour batter into prepared pans.
Bake for 40 to 60 minutes, or until tester inserted in the center comes out clean. Cool in pan on rack for 20 minutes. Remove bread from pan, and completely cool.",https://imagesvc.meredithcorp.io/v3/mm/image?url=https%3A%2F%2Fimages.media-allrecipes.com%2Fuserphotos%2F1037957.jpg,https://www.allrecipes.com/recipe/6698/moms-zucchini-bread/,,,"Really, really good and moist- my kids eat it as quickly as I can make it. Bread will freeze well, and keep in refrigerator for weeks."
Farm Fresh Zucchini Cranberry Nut Muffins,sna,[VT],45,12 muffins,"['6 tablespoons all-purpose flour', 'Â¼ cup brown sugar', '2 tablespoons butter', 'Â½ cup margarine, softened', '1 cup white sugar', '1 egg', '1 Â½ teaspoons vanilla extract', '1 Â½ cups all-purpose flour', '1 Â½ teaspoons baking powder', 'Â½ teaspoon baking soda', 'Â¼ teaspoon salt', '1 cup grated zucchini', '1 cup cranberries', 'Â½ cup walnut pieces']","Preheat oven to 375 degrees F (190 degrees C). Prepare 12 muffin cups with liners.
Mix 6 tablespoons flour and brown sugar together in a bowl for topping; cut butter into the flour mixture until you have pea-sized crumbs. Set aside.
Beat margarine and white sugar with an electric mixer in a large bowl until light and fluffy. Beat egg and vanilla into the butter mixture.
Mix 1 1/2 cups flour, baking powder, baking soda, and salt together in a separate bowl; gradually beat into the butter mixture. Fold zucchini, cranberries, and walnuts into the mixture; spoon into prepared muffin cups, filling nearly to the top. Sprinkle reserved topping mixture onto the batter.
Bake in the preheated oven until a toothpick inserted into the center comes out clean, about 25 minutes.",https://imagesvc.meredithcorp.io/v3/mm/image?url=https%3A%2F%2Fimages.media-allrecipes.com%2Fuserphotos%2F1029468.jpg,https://www.allrecipes.com/recipe/233429/farm-fresh-zucchini-cranberry-nut-muffins/,,,"Steve, my farmer friend, has kept me well supplied with zucchini. I was looking to make an original muffin recipe to thank him that would knock his socks off."
Sausage Crescent Rolls,sna,[XX],50,20 servings,"['1 pound fresh, ground spicy pork sausage', '1 (8 ounce) package cream cheese', '2 (8 ounce) packages refrigerated crescent rolls', '1 egg white, lightly beaten', '1 tablespoon poppy seeds']","Preheat oven to 350 degrees F (175 degrees C).
In a medium skillet, lightly brown sausage and drain. While sausage is still hot, add cream cheese and stir until cheese is melted and mixture is creamy. Cool completely.
Separate crescent rolls and arrange into two rectangles. Form log of sausage mixture lengthwise down center of each rectangle. Fold over the long sides of pastry to cover sausage log. Place on ungreased cookie sheet, seam down. Brush with egg white and sprinkle with poppy seeds.
Bake 20 minutes until crust is golden. When completely cooled, slice into one and one-half inch slices.",https://imagesvc.meredithcorp.io/v3/mm/image?url=https%3A%2F%2Fimages.media-allrecipes.com%2Fuserphotos%2F11644.jpg,https://www.allrecipes.com/recipe/21746/sausage-crescent-rolls/,,,Spicy seasoned sausage mixed with cream cheese and wrapped in crescent rolls.
Chef John's Pita Bread,sna,"[V,VT,DF]",195,8 pita breads,"['1 (.25 ounce) package active dry yeast', '1 cup warm water (90 to 100 degrees F/32 to 38 degrees C)', '1 cup all-purpose flour', '1 Â½ tablespoons olive oil', '1 Â¾ teaspoons salt', '1 Â¾ cups all-purpose flour, or more as needed', '1 teaspoon olive oil, divided']","Place yeast into the work bowl of a stand mixer and add 1 cup warm water and 1 cup flour. Whisk together and let stand 15 to 20 minutes for mixture to rise and make a loose sponge. Mixture will bubble and foam.
Pour 1 1/2 tablespoons olive oil and salt into sponge; add 1 3/4 cup flour. Mix at low speed, using a dough hook attachment, until dough is soft, supple, and slightly sticky. If dough sticks to the sides of the bowl, add up to 1/4 cup more flour, a little at a time.
Knead dough with machine on low speed until slightly springy and still soft, 5 to 6 minutes. Turn dough out onto a floured work surface and form into a ball.
Wipe inside of bowl with 1/4 teaspoon olive oil. Turn dough around in bowl to cover with a thin film of oil; cover bowl with foil and let sit until dough has doubled in size, about 2 hours.
Remove dough from bowl and place onto a floured work surface. Lightly pat into a flat shape about 1 inch thick. Use a knife to cut dough into 8 pieces.
Form each piece into a small round ball with a smooth top, pulling dough from the sides and tucking the ends underneath the bottom.
Cover dough balls with lightly oiled plastic wrap and let rest for 30 minutes.
Sprinkle a small amount of flour on a work surface and top of a dough ball; gently pat dough ball flat with your fingers, forming a flat, round bread about 1/4 inch thick. Let dough round rest for 5 minutes. Repeat with remaining dough balls.
Brush a cast-iron skillet with remaining 3/4 teaspoon olive oil and place over medium-high heat. Lay pita bread into hot skillet and cook until bread begins to puff up and bottom has brown spots and blisters, about 3 minutes. Flip, cook 2 more minutes, and flip back onto original side to cook for about 30 more seconds. Pita bread will begin to puff up and fill with hot air. Stack cooked breads on a plate; when cool enough to handle, break breads in half and open the pocket inside for stuffing.",https://imagesvc.meredithcorp.io/v3/mm/image?url=https%3A%2F%2Fimages.media-allrecipes.com%2Fuserphotos%2F5679240.jpg,https://www.allrecipes.com/recipe/232719/chef-johns-pita-bread/,,,"This is so far superior to the stuff you get at the grocery store! And in addition to being delicious to eat, it's also extremely easy to make!"
Sarah's Applesauce,sna,"[V,VT,DF,GF]",30,4 servings,"['4 medium (2-3/4"" dia) (approx 3 per lb)s apples - peeled, cored and chopped', 'Â¾ cup water', 'Â¼ cup white sugar', 'Â½ teaspoon ground cinnamon']","In a saucepan, combine apples, water, sugar, and cinnamon. Cover, and cook over medium heat for 15 to 20 minutes, or until apples are soft. Allow to cool, then mash with a fork or potato masher.",https://imagesvc.meredithcorp.io/v3/mm/image?url=https%3A%2F%2Fimages.media-allrecipes.com%2Fuserphotos%2F25840.jpg,https://www.allrecipes.com/recipe/51301/sarahs-applesauce/,,,This applesauce is delicious! I make it for my younger brother all the time and he loves it - and he hates canned applesauce!
Juicy Roasted Chicken,din,"[DF,GF]",100,6 servings,"['1 (3 pound) whole chicken, giblets removed', 'salt and black pepper to taste', '1 tablespoon onion powder, or to taste', 'Â½ cup margarine, divided', '1 stalk celery, leaves removed']","Preheat oven to 350 degrees F (175 degrees C).
Place chicken in a roasting pan, and season generously inside and out with salt and pepper. Sprinkle inside and out with onion powder. Place 3 tablespoons margarine in the chicken cavity. Arrange dollops of the remaining margarine around the chicken's exterior. Cut the celery into 3 or 4 pieces, and place in the chicken cavity.
Bake uncovered 1 hour and 15 minutes in the preheated oven, to a minimum internal temperature of 180 degrees F (82 degrees C). Remove from heat, and baste with melted margarine and drippings. Cover with aluminum foil, and allow to rest about 30 minutes before serving.",https://imagesvc.meredithcorp.io/v3/mm/image?url=https%3A%2F%2Fimages.media-allrecipes.com%2Fuserphotos%2F389250.jpg,https://www.allrecipes.com/recipe/83557/juicy-roasted-chicken/,,,My grandmother's recipe for roasted chicken. I never have had a chicken this juicy before; this little trick works and makes the people eating it go silent. We nibble on the celery after.
Spinach and Mushroom Quiche with Shiitake Mushrooms,din,[GF],60,1 9-inch quiche,"['1 prepared 9-inch single pie crust', 'Â¼ cup butter', '1 bunch green onions, chopped', '3 cloves garlic, chopped', '1 slice turkey bacon, cut into 1/2-inch pieces', '1 (9 ounce) bag fresh spinach', '1 (3.5 ounce) package shiitake mushrooms, sliced', 'Â½ cup chopped broccoli florets', 'Â¼ cup shredded sharp Cheddar cheese', '4 large eggs eggs, beaten', 'Â¾ cup milk', 'Â½ teaspoon sea salt', 'Â½ teaspoon black pepper', 'Â½ cup shredded sharp Cheddar cheese']","Preheat oven to 375 degrees F (190 degrees C).
Fit pie crust into a 9-inch pie dish.
Melt butter in a large skillet over medium heat; cook and stir green onions and garlic until green onions are softened, about 5 minutes. Cook and stir turkey bacon in the green onion mixture until fragrant.
Stir spinach, shiitake mushrooms, and broccoli into green onion mixture; cook and stir vegetables until softened, 5 to 7 minutes. Mix in 1/4 cup Cheddar cheese.
Spoon vegetable mixture into the pie crust.
Beat eggs, milk, sea salt, and black pepper together in a bowl; pour egg mixture gently over vegetable filling, slightly stirring eggs into the filling to combine.
Bake in the preheated oven for 15 minutes; sprinkle 1/2 cup Cheddar cheese over the top of the quiche and bake 10 additional minutes. Cover quiche with aluminum foil and bake until quiche has set and a toothpick inserted into the quiche comes out clean, about 10 more minutes.
Allow quiche to cool for 5 minutes before serving.",https://imagesvc.meredithcorp.io/v3/mm/image?url=https%3A%2F%2Fimages.media-allrecipes.com%2Fuserphotos%2F2548652.jpg,https://www.allrecipes.com/recipe/221199/spinach-and-mushroom-quiche-with-shiitake-mushrooms/,VT,Ommit the bacon,"After trying multiple spinach recipes throughout the years, this one is my conglomeration with personal taste additions. Savory and delicious using primarily fresh ingredients."
To Die For Fettuccine Alfredo,din,[VT],30,6 servings,"['24 ounces dry fettuccini pasta', '1 cup butter', 'Â¾ pint heavy cream', 'salt and pepper to taste', '1 dash garlic salt', 'Â¾ cup grated Romano cheese', 'Â½ cup grated Parmesan cheese']","Bring a large pot of lightly salted water to a boil. Add fettuccini and cook for 8 to 10 minutes or until al dente; drain.
In a large saucepan, melt butter into cream over low heat. Add salt, pepper and garlic salt. Stir in cheese over medium heat until melted; this will thicken the sauce.
Add pasta to sauce. Use enough of the pasta so that all of the sauce is used and the pasta is thoroughly coated. Serve immediately.",https://imagesvc.meredithcorp.io/v3/mm/image?url=https%3A%2F%2Fimages.media-allrecipes.com%2Fuserphotos%2F8135663.jpg,https://www.allrecipes.com/recipe/23431/to-die-for-fettuccine-alfredo/,GF,Use a gluten free fettuccine,"I get nothing but rave reviews when I make this dish. I must warn you, this recipe is not for the health conscious. Enjoy!"
Ukrainian Red Borscht Soup,din,[GF],65,10 servings,"['1 (16 ounce) package pork sausage', '3 medium beets, peeled and shredded', '3 medium (blank)s carrots, peeled and shredded', '3 medium baking potatoes, peeled and cubed', '1 tablespoon vegetable oil', '1 medium onion, chopped', '1 (6 ounce) can tomato paste', 'Â¾ cup water', 'Â½ medium head cabbage, cored and shredded', '1 (8 ounce) can diced tomatoes, drained', '3 cloves garlic, minced', 'salt and pepper to taste', '1 teaspoon white sugar, or to taste', 'Â½ cup sour cream, for topping', '1 tablespoon chopped fresh parsley for garnish']","Crumble the sausage (if using) into a skillet over medium-high heat. Cook and stir until no longer pink. Remove from the heat and set aside.
Fill a large pot halfway with water(about 2 quarts), and bring to a boil. Add the sausage, and cover the pot. Return to a boil. Add the beets, and cook until they have lost their color. Add the carrots and potatoes, and cook until tender, about 15 minutes. Add the cabbage, and the can of diced tomatoes.
Heat the oil in a skillet over medium heat. Add the onion, and cook until tender. Stir in the tomato paste and water until well blended. Transfer to the pot. Add the raw garlic to the soup, cover and turn off the heat. Let stand for 5 minutes. Taste, and season with salt, pepper and sugar.
Ladle into serving bowls, and garnish with sour cream, if desired, and fresh parsley.",https://imagesvc.meredithcorp.io/v3/mm/image?url=https%3A%2F%2Fimages.media-allrecipes.com%2Fuserphotos%2F1085847.jpg,https://www.allrecipes.com/recipe/84450/ukrainian-red-borscht-soup/,VT,Ommit the sausage,My friend's mother from Ukraine taught me this recipe for the classic beet soup. It's as authentic as it gets.
Eggplant Parmesan II,din,[VT],60,8 to 10 servings,"['3 eggplant, peeled (yield from 1.25 lb)s eggplant, peeled and thinly sliced', '2 large eggs eggs, beaten', '4 cups Italian seasoned bread crumbs', '6 cups spaghetti sauce, divided', '1 (16 ounce) package mozzarella cheese, shredded and divided', 'Â½ cup grated Parmesan cheese, divided', 'Â½ teaspoon dried basil']","Preheat oven to 350 degrees F (175 degrees C).
Dip eggplant slices in egg, then in bread crumbs. Place in a single layer on a baking sheet. Bake in preheated oven for 5 minutes on each side.
In a 9x13 inch baking dish spread spaghetti sauce to cover the bottom. Place a layer of eggplant slices in the sauce. Sprinkle with mozzarella and Parmesan cheeses. Repeat with remaining ingredients, ending with the cheeses. Sprinkle basil on top.
Bake in preheated oven for 35 minutes, or until golden brown.",https://imagesvc.meredithcorp.io/v3/mm/image?url=https%3A%2F%2Fimages.media-allrecipes.com%2Fuserphotos%2F5068161.jpg,https://www.allrecipes.com/recipe/25321/eggplant-parmesan-ii/,,,"This is a no fry variation of this popular dish, and is just as delicious!"
Marie's Easy Slow Cooker Pot Roast,din,[GF],580,6 to 8 servings,"['4 pounds chuck roast', 'salt and pepper to taste', '1 packet dry onion soup mix', '1 cup water', '3 medium (blank)s carrots, chopped', '1 onion, chopped', '3 medium (2-1/4"" to 3"" dia, raw)s potatoes, peeled and cubed', '1 stalk celery, chopped']","Season the roast with salt and pepper to taste. Brown on all sides in a large skillet over high heat, about 4 minutes per side.
Place the roast in the slow cooker and add the soup mix, water, carrots, onion, potatoes, and celery.
Cover and cook on Low setting for 8 to 10 hours.",https://imagesvc.meredithcorp.io/v3/mm/image?url=https%3A%2F%2Fimages.media-allrecipes.com%2Fuserphotos%2F3566746.jpg,https://www.allrecipes.com/recipe/16346/maries-easy-slow-cooker-pot-roast/,,,"Moist and juicy pot roast done in a slow cooker with carrots, onion and potatoes."
Fried Rice Restaurant Style,din,[VT],45,8 servings,"['2 cups enriched white rice', '4 cups water', 'â…” cup chopped baby carrots', 'Â½ cup frozen green peas', '2 tablespoons vegetable oil', '2 large eggs eggs', 'soy sauce to taste', '2 tablespoons sesame oil, to taste']","In a saucepan, combine rice and water. Bring to a boil. Reduce heat, cover, and simmer for 20 minutes.
In a small saucepan, boil carrots in water about 3 to 5 minutes. Drop peas into boiling water, and drain.
Heat wok over high heat. Pour in oil, then stir in carrots and peas; cook about 30 seconds. Crack in eggs, stirring quickly to scramble eggs with vegetables. Stir in cooked rice. Shake in soy sauce, and toss rice to coat. Drizzle with sesame oil, and toss again.",https://imagesvc.meredithcorp.io/v3/mm/image?url=https%3A%2F%2Fimages.media-allrecipes.com%2Fuserphotos%2F3770230.jpg,https://www.allrecipes.com/recipe/79543/fried-rice-restaurant-style/,V,Ommit the eggs,"A quick fried rice like you get at your favorite Chinese restaurant. A couple of eggs, baby carrots, peas and soy sauce is all you need."
Summer Nights Eggplants,din,"[VT,GF]",50,4 servings,"['2 eggplant, peeled (yield from 1.25 lb)s large eggplants', 'Â½ cup olive oil for frying', '2 medium onions, chopped', '2 cloves garlic, minced', '2 small tomatoes, chopped', '1 green bell pepper, seeded and chopped', '1 tablespoon chopped fresh parsley', 'salt and pepper to taste', '4 cups dry bread crumbs', '1 cup crumbled feta cheese']","Remove the leaves from the eggplants, and slice in half lengthwise. Carefully scoop out the centers of the eggplants, leaving a half-inch shell so they resemble 'canoes'. Cut the center portion into small pieces, and set aside.
Preheat the oven to 350 degrees F (175 degrees C).
Heat the oil in a large skillet over medium heat. Add the onions and garlic, and saute for a few minutes, until tender. Add the eggplant pieces, and cook until soft, about 5 minutes. Then, stir in the tomato, green pepper, and parsley. Simmer for about 10 minutes.
Remove from the heat, and transfer to a large bowl. Stir in the bread crumbs until evenly blended. Divide the mixture evenly between the four eggplant shells. Sprinkle feta cheese over the top. Place the eggplant halves on a baking sheet.
Bake for 15 to 20 minutes in the preheated oven, until the tops are browned and the cheese is melted. Serve hot or cold. I prefer them chilled.",https://imagesvc.meredithcorp.io/v3/mm/image?url=https%3A%2F%2Fimages.media-allrecipes.com%2Fuserphotos%2F2366.jpg,https://www.allrecipes.com/recipe/31818/summer-nights-eggplants/,DF,Ommit the feta cheese,I named this recipe after the beautiful summer nights I spent with my family on the balcony in Greece eating this tasty recipe.
One-Pan White Cheddar Mac and Cheese,din,[XX],25,6 servings,"['16 ounces uncooked elbow macaroni', '2 Â½ cups milk', '2 cups water', '1 teaspoon garlic salt', 'Â½ teaspoon salt', 'Â¼ cup margarine', 'Â¼ teaspoon ground black pepper', '1 Â½ cups shredded white Cheddar cheese', 'Â½ cup shredded Parmesan cheese, divided', 'Â¼ cup panko bread crumbs', 'Â¼ cup real bacon bits', '1 tablespoon snipped chives']","Combine macaroni, milk, water, garlic salt, and salt in a Dutch oven on a stovetop over medium-high heat. Bring to a boil, stirring occasionally. Reduce heat to a simmer and cook, stirring frequently so noodles don't stick to the pan, until noodles are soft and most of the liquid has been absorbed, 7 to 10 minutes.
Remove pot from heat and stir in margarine and pepper until melted. Stir in Cheddar cheese and 1/4 cup of the Parmesan cheese until melted.
Set an oven rack about 6 inches from the heat source and preheat the oven's broiler.
Top pasta with bread crumbs, remaining 1/4 cup of Parmesan cheese, and bacon bits.
Place Dutch oven under the broiler until topping is lightly browned and crispy, 1 to 3 minutes. Top with chives and serve immediately.",https://imagesvc.meredithcorp.io/v3/mm/image?url=https%3A%2F%2Fimages.media-allrecipes.com%2Fuserphotos%2F5925391.jpg,https://www.allrecipes.com/recipe/269006/one-pan-white-cheddar-mac-and-cheese/,VT,Ommit the bacon bits,"If you can make boxed macaroni and cheese, you can make this one-pan, scratch-made mac and cheese!"
Dumplings,din,[VT],20,6 dumplings,"['1 cup all-purpose flour', '2 teaspoons baking powder', '1 teaspoon white sugar', 'Â½ teaspoon salt', '1 tablespoon margarine', 'Â½ cup milk']","Stir together flour, baking powder, sugar, and salt in medium size bowl. Cut in butter until crumbly. Stir in milk to make a soft dough.
Drop by spoonfuls into boiling stew. Cover and simmer 15 minutes without lifting lid. Serve.
To make parsley dumplings, add 1 tablespoon parsley flakes to the dry ingredients.",https://imagesvc.meredithcorp.io/v3/mm/image?url=https%3A%2F%2Fimages.media-allrecipes.com%2Fuserphotos%2F5011529.jpg,https://www.allrecipes.com/recipe/6900/dumplings/,,,My mother was one of the best cooks I ever knew. We never ate things from packages or microwaves and you sure could taste what food was. That's the only way I cook today.
Southern Fried Apples,des,[VT],20,4 servings,"['Â½ cup butter', 'Â½ cup white sugar', '2 tablespoons ground cinnamon', '4 eaches Granny Smith apples - peeled, cored, and sliced']","Melt butter in a large skillet over medium heat; stir sugar and cinnamon into the hot butter. Add apples and cook until apples begin to break down, 5 to 8 minutes.",https://imagesvc.meredithcorp.io/v3/mm/image?url=https%3A%2F%2Fimages.media-allrecipes.com%2Fuserphotos%2F1049390.jpg,https://www.allrecipes.com/recipe/230907/southern-fried-apples/,,,I have a very basic recipe to add some sweetness to breakfast or any meal. Serve garnished with additional cinnamon if desired.
Monkey Bread I,des,"[VT,DF]",60,1 10 inch tube pan,"['3 (12 ounce) packages refrigerated biscuit dough', '1 cup white sugar', '2 teaspoons ground cinnamon', 'Â½ cup margarine', '1 cup packed brown sugar', 'Â½ cup chopped walnuts', 'Â½ cup raisins']","Preheat oven to 350 degrees F (175 degrees C). Grease one 9 or 10 inch tube/BundtÂ® pan.
Mix white sugar and cinnamon in a plastic bag. Cut biscuits into quarters. Shake 6 to 8 biscuit pieces in the sugar cinnamon mix. Arrange pieces in the bottom of the prepared pan. Continue until all biscuits are coated and placed in pan. If using nuts and raisins, arrange them in and among the biscuit pieces as you go along.
In a small saucepan, melt the margarine with the brown sugar over medium heat. Boil for 1 minute. Pour over the biscuits.
Bake at 350 degrees F (175 degrees C) for 35 minutes. Let bread cool in pan for 10 minutes, then turn out onto a plate. Do not cut! The bread just pulls apart.",https://imagesvc.meredithcorp.io/v3/mm/image?url=https%3A%2F%2Fimages.media-allrecipes.com%2Fuserphotos%2F546316.jpg,https://www.allrecipes.com/recipe/6815/monkey-bread-i/,,,"Refrigerated biscuits with cinnamon bake in a tube pan. My 7 year old daughter, Leah, loves her Monkey Bread. Enjoy!"
Dessert Crepes,des,[VT],20,8 crepes,"['4 large eggs eggs, lightly beaten', '1 â…“ cups milk', '2 tablespoons butter, melted', '1 cup all-purpose flour', '2 tablespoons white sugar', 'Â½ teaspoon salt']","In large bowl, whisk together eggs, milk, melted butter, flour sugar and salt until smooth.
Heat a medium-sized skillet or crepe pan over medium heat. Grease pan with a small amount of butter or oil applied with a brush or paper towel. Using a serving spoon or small ladle, spoon about 3 tablespoons crepe batter into hot pan, tilting the pan so that bottom surface is evenly coated. Cook over medium heat, 1 to 2 minutes on a side, or until golden brown. Serve immediately.",https://imagesvc.meredithcorp.io/v3/mm/image?url=https%3A%2F%2Fimages.media-allrecipes.com%2Fuserphotos%2F4511555.jpg,https://www.allrecipes.com/recipe/19037/dessert-crepes/,,,"Essential crepe recipe. Sprinkle warm crepes with sugar and lemon, or serve with cream or ice cream and fruit."
